<?xml version="1.0" encoding="UTF-8"?>
<api context="/transform" name="PTAPI" xmlns="http://ws.apache.org/ns/synapse">
    <resource methods="POST">
        <inSequence>
            <log description="api start log" level="custom">
                <property name="PTAPIStartLog" value="******************* Start payload transformation flow ************************"/>
            </log>
            <property name="messageType" scope="axis2" type="STRING" value="text/xml"/>
            <xslt description="AddNamespaceXSLT" key="conf:/telstra/xslt/AddNamespaces.xslt"/>
            <property expression="get-property('env','southbound-EP')" name="uri.var.southboundEndpoint" scope="default" type="STRING"/>
            <log description="api start log" level="custom">
                <property expression="get-property('uri.var.southboundEndpoint')" name="EndpointURLLog"/>
            </log>
            <log description="After adding soap envelope and namespaces" level="custom">
                <property name="AddSoapEnvLog" value="******************* Payload after adding envelope and namespaces ************************"/>
            </log>
            <log level="full"/>
            <call>
                <endpoint key="southboundEP"/>
            </call>
            <xslt description="RemoveNamespaceXSLT" key="conf:/telstra/xslt/RemoveNamespaces.xslt"/>
            <property name="messageType" scope="axis2" type="STRING" value="application/json"/>
            <respond/>
        </inSequence>
        <outSequence/>
        <faultSequence/>
    </resource>
</api>
