<?xml version="1.0" encoding="UTF-8"?><artifacts>
    <artifact name="AddNamespaces_xslt" groupId="com.telstra.resource" version="1.0.0" type="registry/resource" serverRole="EnterpriseIntegrator">
        <item>
            <file>AddNamespaces.xslt</file>
            <path>/_system/config/telstra/xslt</path>
            <mediaType>application/xslt+xml</mediaType>
            <properties/>
        </item>
    </artifact>
    <artifact name="RemoveNamespaces_xslt" groupId="com.telstra.resource" version="1.0.0" type="registry/resource" serverRole="EnterpriseIntegrator">
        <item>
            <file>RemoveNamespaces.xslt</file>
            <path>/_system/config/telstra/xslt</path>
            <mediaType>application/xslt+xml</mediaType>
            <properties/>
        </item>
    </artifact>
</artifacts>
