<?xml version="1.0" encoding="UTF-8"?><artifacts>
    <artifact name="RLAPI" groupId="com.telstra.api" version="1.0.0" type="synapse/api" serverRole="EnterpriseServiceBus">
        <file>src/main/synapse-config/api/RLAPI.xml</file>
    </artifact>
    <artifact name="RLAPI_swagger" groupId="com.telstra.metadata" version="1.0.0" type="synapse/metadata" serverRole="EnterpriseServiceBus">
        <file>src/main/resources/metadata/RLAPI_swagger.yaml</file>
    </artifact>
    <artifact name="RLAPI_metadata" groupId="com.telstra.metadata" version="1.0.0" type="synapse/metadata" serverRole="EnterpriseServiceBus">
        <file>src/main/resources/metadata/RLAPI_metadata.yaml</file>
    </artifact>
    <artifact name="failedPostSeq" groupId="com.telstra.sequence" version="1.0.0" type="synapse/sequence" serverRole="EnterpriseServiceBus">
        <file>src/main/synapse-config/sequences/failedPostSeq.xml</file>
    </artifact>
    <artifact name="postSuccessSeq" groupId="com.telstra.sequence" version="1.0.0" type="synapse/sequence" serverRole="EnterpriseServiceBus">
        <file>src/main/synapse-config/sequences/postSuccessSeq.xml</file>
    </artifact>
    <artifact name="consumerLevelThrottleOutSeq" groupId="com.telstra.sequence" version="1.0.0" type="synapse/sequence" serverRole="EnterpriseServiceBus">
        <file>src/main/synapse-config/sequences/consumerLevelThrottleOutSeq.xml</file>
    </artifact>
    <artifact name="consumerLevelPostSeq" groupId="com.telstra.sequence" version="1.0.0" type="synapse/sequence" serverRole="EnterpriseServiceBus">
        <file>src/main/synapse-config/sequences/consumerLevelPostSeq.xml</file>
    </artifact>
    <artifact name="PayloadTransformationEP" groupId="com.telstra.endpoint" version="1.0.0" type="synapse/endpoint" serverRole="EnterpriseServiceBus">
        <file>src/main/synapse-config/endpoints/PayloadTransformationEP.xml</file>
    </artifact>
</artifacts>
